Workbook

Sheet Dashboard
B2: CURVA DE JUROS DI — ESTRUTURA A TERMO
B3: Interpolação Flat Forward 252 | Dados: ANBIMA (ETTJ Prefixada)
B5: DATA REFERÊNCIA | E5: TAXA CURTA (21 DU) | H5: TAXA LONGA (2520 DU) | K5: SPREAD / FORMATO
B6: 20/03/2026 | E6: 14.95% a.a. | H6: 14.20% a.a. | K6: -75 bps | Invertida
K7: Taxa curta > Taxa longa
B9: DU | C9: Curva Spot | D9: Curva 30d Atrás | E9: Forward Implícita
B10: 42 | C10: 14.93 | D10: 14.58 | E10: =Aux!E2*100 -> 14.93
B11: 84 | C11: 14.85 | D11: 14.5 | E11: =Aux!E3*100 -> 14.770056
B12: 126 | C12: 14.78 | D12: 14.42 | E12: =Aux!E4*100 -> 14.640128
B13: 168 | C13: 14.72 | D13: 14.37 | E13: =Aux!E5*100 -> 14.540188
B14: 210 | C14: 14.66 | D14: 14.33 | E14: =Aux!E6*100 -> 14.420314
B15: 252 | C15: 14.62 | D15: 14.3 | E15: =Aux!E7*100 -> 14.420209
B16: 294 | C16: 14.58 | D16: 14.27 | E16: =Aux!E8*100 -> 14.340293
B17: 336 | C17: 14.55 | D17: 14.24 | E17: =Aux!E9*100 -> 14.34022
B18: 378 | C18: 14.53 | D18: 14.22 | E18: =Aux!E10*100 -> 14.370126
B19: 420 | C19: 14.5 | D19: 14.19 | E19: =Aux!E11*100 -> 14.230353
B20: 462 | C20: 14.48 | D20: 14.17 | E20: =Aux!E12*100 -> 14.280192
B21: 504 | C21: 14.46 | D21: 14.15 | E21: =Aux!E13*100 -> 14.24023
... B31: 924 | C31: 14.3 | D31: 14 | E31: =Aux!E23*100 -> 14.090202
B32: CONSULTA DE TAXA INTERPOLADA
B33: 1008 | C33: 14.27 | D33: 13.97 | E33: =Aux!E25*100 -> 14.040241
B34: Selecione o vencimento: | C34: 14.26 | D34: Mar/2027 (252 DU) | F34: << clique aqui
B35: 1092 | C35: 14.25 | D35: 13.95 | E35: =Aux!E27*100 -> 14.000284
B36: Taxa interpolada: | C36: 14.24 | D36: =VLOOKUP(D34,Aux!A:C,3,FALSE()) -> 0.1462 | E36: =Aux!E28*100 -> 13.980307 | F36: Taxa 30d atrás: | H36: =VLOOKUP(D34,Aux!A:D,4,FALSE()) -> 0.143
B37: Dias úteis: | C37: 14.23 | D37: =VLOOKUP(D34,Aux!A:B,2,FALSE()) -> 252 | E37: =Aux!E29*100 -> 13.960331 | F37: Variação (bps): | H37: =(D36-H36)*10000 -> 32
B38: 1218 | C38: 14.22 | D38: 13.92 | E38: =Aux!E30*100 -> 13.940355
B40: PRECIFICAÇÃO DE TÍTULO PREFIXADO (LTN)
B42: Título: | D42: LTN Set/2027 | F42: << clique aqui | G42: DU até vencimento: | I42: =VLOOKUP(D42,Aux!F:G,2,FALSE()) -> 378
B43: Valor de Face: | D43: 1000 | G43: Taxa da curva: | I43: 0.1455
B45: PREÇO UNITÁRIO (PU) | E45: DURATION (ANOS) | H45: DV01 (R$)
B46: =D43/((1+I43)^(I42/252)) -> 815.65661 | E46: =I42/252 -> 1.5 | H46: =(D43/((1+I43-0.0001)^(I42/252)) - D43/((1+I43+0.0001)^(I42/252)))/2 -> 0.10680794
B48: STRESS TEST: CURVA +50 BPS | E48: Impacto (R$) | H48: Impacto (%)
B49: =D43/((1+I43+0.005)^(I42/252)) -> 810.3452 | E49: =B49-B46 -> -5.3114066 | H49: =(B49-B46)/B46 -> -0.006511817
B51: * PU, Duration, DV01 e Stress Test calculados via fórmulas Excel. Altere o título no dropdown para recalcular automaticamente.

Sheet Aux
A1: Vencimento | B1: DU | C1: Taxa Hoje | D1: Taxa 30d | E1: Forward | F1: Venc Titulo | G1: DU Titulo
A2: Mai/2026 (42 DU) | B2: 42 | C2: 0.1493 | D2: 0.1458 | E2: 0.1493 | F2: LTN Jul/2026 | G2: 84
A3: Jul/2026 (84 DU) | B3: 84 | C3: 0.1485 | D3: 0.145 | E3: =(((1+C3)^(B3/252))/((1+C2)^(B2/252)))^(252/(B3-B2))-1 -> 0.14770056 | F3: LTN Set/2026 | G3: 126
A4: Set/2026 (126 DU) | B4: 126 | C4: 0.1478 | D4: 0.1442 | E4: =(((1+C4)^(B4/252))/((1+C3)^(B3/252)))^(252/(B4-B3))-1 -> 0.14640128 | F4: LTN Nov/2026 | G4: 168
A5: Nov/2026 (168 DU) | B5: 168 | C5: 0.1472 | D5: 0.1437 | E5: =(((1+C5)^(B5/252))/((1+C4)^(B4/252)))^(252/(B5-B4))-1 -> 0.14540188 | F5: LTN Jan/2027 | G5: 210
A6: Jan/2027 (210 DU) | B6: 210 | C6: 0.1466 | D6: 0.1433 | E6: =(((1+C6)^(B6/252))/((1+C5)^(B5/252)))^(252/(B6-B5))-1 -> 0.14420314 | F6: LTN Mar/2027 | G6: 252
A7: Mar/2027 (252 DU) | B7: 252 | C7: 0.1462 | D7: 0.143 | E7: =(((1+C7)^(B7/252))/((1+C6)^(B6/252)))^(252/(B7-B6))-1 -> 0.14420209 | F7: LTN Mai/2027 | G7: 294
A8: Mai/2027 (294 DU) | B8: 294 | C8: 0.1458 | D8: 0.1427 | E8: =(((1+C8)^(B8/252))/((1+C7)^(B7/252)))^(252/(B8-B7))-1 -> 0.14340293 | F8: LTN Jul/2027 | G8: 336
A9: Jul/2027 (336 DU) | B9: 336 | C9: 0.1455 | D9: 0.1424 | E9: =(((1+C9)^(B9/252))/((1+C8)^(B8/252)))^(252/(B9-B8))-1 -> 0.1434022 | F9: LTN Set/2027 | G9: 378
A10: Set/2027 (378 DU) | B10: 378 | C10: 0.1453 | D10: 0.1422 | E10: =(((1+C10)^(B10/252))/((1+C9)^(B9/252)))^(252/(B10-B9))-1 -> 0.14370126 | F10: LTN Nov/2027 | G10: 420
A11: Nov/2027 (420 DU) | B11: 420 | C11: 0.145 | D11: 0.1419 | E11: =(((1+C11)^(B11/252))/((1+C10)^(B10/252)))^(252/(B11-B10))-1 -> 0.14230353 | F11: LTN Jan/2028 | G11: 462
A12: Jan/2028 (462 DU) | B12: 462 | C12: 0.1448 | D12: 0.1417 | E12: =(((1+C12)^(B12/252))/((1+C11)^(B11/252)))^(252/(B12-B11))-1 -> 0.14280192 | F12: LTN Mar/2028 | G12: 504
A13: Mar/2028 (504 DU) | B13: 504 | C13: 0.1446 | D13: 0.1415 | E13: =(((1+C13)^(B13/252))/((1+C12)^(B12/252)))^(252/(B13-B12))-1 -> 0.1424023 | F13: LTN Mai/2028 | G13: 546
A14: Mai/2028 (546 DU) | B14: 546 | C14: 0.1444 | D14: 0.1413 | E14: =(((1+C14)^(B14/252))/((1+C13)^(B13/252)))^(252/(B14-B13))-1 -> 0.14200272 | F14: LTN Jul/2028 | G14: 588
... A29: Nov/2030 (1176 DU) | B29: 1176 | C29: 0.1423 | D29: 0.1393 | E29: =(((1+C29)^(B29/252))/((1+C28)^(B28/252)))^(252/(B29-B28))-1 -> 0.13960331 | F29: LTN Jan/2031 | G29: 1218
A30: Jan/2031 (1218 DU) | B30: 1218 | C30: 0.1422 | D30: 0.1392 | E30: =(((1+C30)^(B30/252))/((1+C29)^(B29/252)))^(252/(B30-B29))-1 -> 0.13940355

Sheet Vértices
B2: TABELA DE VÉRTICES — ETTJ PREFIXADA
B3: Data de referência: 20/03/2026 | Curva: PRE | Fonte: ANBIMA
B5: Vértice (DU) | C5: Taxa Spot (% a.a.) | D5: Forward (% a.a.) | E5: Fator Desconto | F5: Tipo | G5: Taxa 30d (% a.a.)
B6: 42 | C6: 0.1493 | D6: =Aux!E2 -> 0.1493 | E6: =1/((1+C6)^(B6/252)) -> 0.97707469 | F6: Original | G6: 0.1458
B7: 84 | C7: 0.1485 | D7: =Aux!E3 -> 0.14770056 | E7: =1/((1+C7)^(B7/252)) -> 0.95489657 | F7: Interpolado | G7: 0.145
B8: 126 | C8: 0.1478 | D8: =Aux!E4 -> 0.14640128 | E8: =1/((1+C8)^(B8/252)) -> 0.93339805 | F8: Original | G8: 0.1442
B9: 168 | C9: 0.1472 | D9: =Aux!E5 -> 0.14540188 | E9: =1/((1+C9)^(B9/252)) -> 0.91251618 | F9: Interpolado | G9: 0.1437
B10: 210 | C10: 0.1466 | D10: =Aux!E6 -> 0.14420314 | E10: =1/((1+C10)^(B10/252)) -> 0.89225718 | F10: Interpolado | G10: 0.1433
B11: 252 | C11: 0.1462 | D11: =Aux!E7 -> 0.14420209 | E11: =1/((1+C11)^(B11/252)) -> 0.87244809 | F11: Original | G11: 0.143
B12: 294 | C12: 0.1458 | D12: =Aux!E8 -> 0.14340293 | E12: =1/((1+C12)^(B12/252)) -> 0.85317813 | F12: Interpolado | G12: 0.1427
B13: 336 | C13: 0.1455 | D13: =Aux!E9 -> 0.1434022 | E13: =1/((1+C13)^(B13/252)) -> 0.83433387 | F13: Interpolado | G13: 0.1424
B14: 378 | C14: 0.1453 | D14: =Aux!E10 -> 0.14370126 | E14: =1/((1+C14)^(B14/252)) -> 0.81587027 | F14: Interpolado | G14: 0.1422
B15: 420 | C15: 0.145 | D15: =Aux!E11 -> 0.14230353 | E15: =1/((1+C15)^(B15/252)) -> 0.79797788 | F15: Interpolado | G15: 0.1419
B16: 462 | C16: 0.1448 | D16: =Aux!E12 -> 0.14280192 | E16: =1/((1+C16)^(B16/252)) -> 0.78042115 | F16: Interpolado | G16: 0.1417
B17: 504 | C17: 0.1446 | D17: =Aux!E13 -> 0.1424023 | E17: =1/((1+C17)^(B17/252)) -> 0.76329517 | F17: Original | G17: 0.1415
... B34: 1218 | C34: 0.1422 | D34: =Aux!E30 -> 0.13940355 | E34: =1/((1+C34)^(B34/252)) -> 0.5259118 | F34: Interpolado | G34: 0.1392

Sheet Movimentos
B2: ANÁLISE DE MOVIMENTOS — VARIAÇÃO EM BASIS POINTS
B3: Comparação: 20/03/2026 vs. 18/02/2026 (30 dias úteis)
B5: Vértice (DU) | C5: Taxa Hoje (%) | D5: Taxa 30d (%) | E5: Variação (bps) | F5: Direção | H5: SHIFT PARALELO (MÉDIA)
B6: 21 | C6: 0.1495 | D6: 0.146 | E6: =(C6-D6)*10000 -> 35 | F6: ▲ Abriu | H6: =AVERAGE(E6:E16) -> 32.090909
B7: 42 | C7: 0.1492 | D7: 0.1458 | E7: =(C7-D7)*10000 -> 34 | F7: ▲ Abriu | H7: bps (média todos vértices)
B8: 63 | C8: 0.1489 | D8: 0.1455 | E8: =(C8-D8)*10000 -> 34 | F8: ▲ Abriu | H8: TIPO DE MOVIMENTO
B9: 126 | C9: 0.1478 | D9: 0.1442 | E9: =(C9-D9)*10000 -> 36 | F9: ▲ Abriu | H9: =IF(ABS(E16-E6)>10, IF(E16>E6, "Steepening", "Flattening"), "Paralelo") -> Paralelo
B10: 252 | C10: 0.1462 | D10: 0.143 | E10: =(C10-D10)*10000 -> 32 | F10: ▲ Abriu | H10: =CONCATENATE("Longo: ",TEXT(E16,"+0;-0")," bps | Curto: ",TEXT(E6,"+0;-0")," bps") -> Longo: +30 bps | Curto: +35 bps
B11: 504 | C11: 0.145 | D11: 0.1418 | E11: =(C11-D11)*10000 -> 32 | F11: ▲ Abriu
B12: 756 | C12: 0.1435 | D12: 0.1405 | E12: =(C12-D12)*10000 -> 30 | F12: ▲ Abriu
B13: 1008 | C13: 0.1428 | D13: 0.1398 | E13: =(C13-D13)*10000 -> 30 | F13: ▲ Abriu
B14: 1260 | C14: 0.1425 | D14: 0.1395 | E14: =(C14-D14)*10000 -> 30 | F14: ▲ Abriu
B15: 1890 | C15: 0.1422 | D15: 0.1392 | E15: =(C15-D15)*10000 -> 30 | F15: ▲ Abriu
B16: 2520 | C16: 0.142 | D16: 0.139 | E16: =(C16-D16)*10000 -> 30 | F16: ▲ Abriu
B18: MÉDIA DA VARIAÇÃO | E18: =AVERAGE(E6:E16) -> 32.090909
